timestamp,pm2_5,pm10,no2,so2,co
2026-09-27 04:15:14,40.96,36.83,21.72,9.89,423.69
2026-09-27 05:15:14,33.34,46.66,11.18,14.69,420.88
2026-09-27 06:15:14,42.77,27.74,21.62,2.14,400.41
2026-09-27 07:15:14,53.28,50.64,18.07,12.47,381.23
2026-09-27 08:15:14,32.19,35.99,16.62,10.26,286.77
2026-09-27 09:15:14,32.19,40.62,23.06,9.1,366.35
2026-09-27 10:15:14,53.95,35.97,25.15,10.28,372.58
2026-09-27 11:15:14,44.21,72.78,24.66,4.04,335.82
2026-09-27 12:15:14,29.37,44.8,15.8,9.34,387.1
2026-09-27 13:15:14,41.51,29.13,18.45,11.07,432.32
2026-09-27 14:15:14,29.44,57.34,21.66,14.43,550.89
2026-09-27 15:15:14,29.41,26.69,24.88,8.45,413.97
2026-09-27 16:15:14,37.9,48.13,17.6,7.57,420.6
2026-09-27 17:15:14,12.04,15.6,19.07,8.49,394.04
2026-09-27 18:15:14,14.3,25.08,14.47,12.75,246.5
2026-09-27 19:15:14,28.25,47.95,14.02,10.99,397.88
2026-09-27 20:15:14,22.85,56.08,24.06,8.41,404.82
2026-09-27 21:15:14,38.77,47.57,26.78,11.54,597.06
2026-09-27 22:15:14,24.1,43.27,19.64,10.29,384.61
2026-09-27 23:15:14,18.05,40.48,25.02,12.91,424.12
2026-09-28 00:15:14,52.59,22.82,21.81,7.89,397.22
2026-09-28 01:15:14,32.29,34.2,16.77,9.02,306.51
2026-09-28 02:15:14,35.81,38.09,21.81,8.82,491.43
2026-09-28 03:15:14,17.9,60.86,27.69,5.61,460.15
